Workbook

Sheet NVL_Hx_Dashboard
A1: Power KPIs​ | B1: PRQ Commit​ (Q4’23)​ (mW)​ | C1: Q1'26 ​ Update​ (mW)​ | D1: Ratio ​(Q1’25/Commit)​ | E1: Measured WW09'26​ | F1: Measured WW13'26​ | G1: Ratio (Measured WW13/Q4’25)​ | H1: Best Bridge Measured (mW)​ | I1: Ratio ​(Best Bridge /Q4’25)​ | J1: ARL QS PPG​ (mW)​ | K1: Remarks
A2: OS Idle | B2: 109 (WW52’24)​ | C2: 165 | D2: =C2/109 -> 1.5137615 | E2: 310.375 | F2: 229.043 | G2: =F2/C2 -> 1.3881394 | H2: ​ | I2: ​ | J2: 237​
A3: Busy Idle | B3: 243​ | C3: 359 (WW27’25)​ | D3: =359/243 -> 1.4773663 | F3: 616.792 | G3: =F3/359 -> 1.7180836 | H3: ​ | I3: ​ | J3: NA​ | L3: spotify ads pop out consumed high power
A4: Netflix 1080p AVC/H.264 | B4: 609 | C4: 829 | D4: =C4/B4 -> 1.3612479 | E4: 2726.05 | F4: 1778.845 | G4: =F4/C4 -> 2.145772 | H4: ​ | I4: ​ | J4: 1691​ | K4: Run in Chrome | L4: DRAM check, acc
A5: AVI 4K YouTube 4K30 AV1 | B5: 838 | C5: 1406 | D5: =C5/B5 -> 1.6778043 | E5: 1607.992 | F5: 1919.992 | G5: =F5/C5 -> 1.3655704 | H5: ​ | I5: ​ | J5: 3535​
A6: 4-tab browsing –Catapult | B6: 1017 (WW52’24)​ | C6: 1217 | D6: =C6/1017 -> 1.1966568 | E6: 1719.972 | F6: 1719.987 | G6: =F6/C6 -> 1.4133007 | H6: ​ | I6: ​ | J6: 1588​
A7: Teams 3x3 | B7: 1736 | C7: 2173 | D7: =C7/B7 -> 1.2517281 | E7: 2712.8 | F7: 3052.908 | G7: =F7/C7 -> 1.4049277 | H7: ​ | I7: ​ | J7: 8191​
A8: Teams 3x3 with MEP | B8: 2433 (WW14’25)​ | C8: 2414 | D8: =C8/2433 -> 0.99219071 | F8: 3432.495 | G8: =F8/C8 -> 1.4219118 | H8: ​ | I8: ​ | J8: NA​
A9: MCS | B9: 59 | C9: 53 | D9: =C9/B9 -> 0.89830508 | E9: 108.337 | F9: 114.943 | G9: =F9/C9 -> 2.1687358 | H9: ​ | I9: ​ | J9: 70​ | L9: ISH dis/en - check s0ix changes
A10: MM30 | B10: 1625 (WW14’25)​ | C10: 1744 | D10: =C10/1625 -> 1.0732308 | F10: 3129 | G10: =F10/C10 -> 1.7941514 | H10: ​ | I10: ​ | J10: 2717 (Perf-1143)​ | K10: Data from FM
A18: WW11'26 Dashboard from PTP FM

Sheet Debug_power
A1: WW14'26 Dashboard
A2: Temp (mW)​ | B2: IDON | D2: Ratio​ | E2: CMS | H2: Netflix | J2: Ratio​ | K2: Youtube 4K | M2: Ratio​ | N2: Catapult Brow | P2: Ratio​ | Q2: Busy Idle | S2: Ratio​ | T2: Teams3x3 | V2: Ratio​ | W2: Teams3x3 MEP | Y2: Ratio​ | Z2: MM30 | AB2: Ratio​
A3: ​ | B3: Pre | C3: Post | D3: (Post/Pre)​ | E3: Pre | F3: Post | G3: (Post/Pre)​ | H3: Pre | I3: Post | J3: (Post/Pre)​ | K3: Pre | L3: Post | M3: (Post/Pre)​ | N3: Pre | O3: Post | P3: (Post/Pre)​ | Q3: Pre | R3: Post | S3: (Post/Pre)​ | T3: Pre | U3: Post | V3: (Post/Pre)​ | W3: Pre | X3: Post | Y3: (Post/Pre)​ | Z3: Pre | AA3: Post | AB3: (Post/Pre)​
A4: P_VCC_LP_ECORE | B4: 4.98 | C4: 9.01 | D4: =C4/B4 -> 1.8092369 | E4: 0 | F4: 0 | G4: 1 | H4: 74.814 | I4: 379.412 | J4: =I4/H4 -> 5.0714037 | K4: 155 | L4: 217.228 | M4: =L4/K4 -> 1.401471 | N4: 223.6332 | O4: 186.723 | P4: =O4/N4 -> 0.83495206 | Q4: 17.54 | R4: 51.259 | S4: =R4/Q4 -> 2.9224059 | T4: 15.86 | U4: 379.79 | V4: =U4/T4 -> 23.946406 | W4: 480.32 | X4: 493.965 | Y4: =X4/W4 -> 1.0284081 | Z4: 333.8 | AA4: 351 | AB4: =AA4/Z4 -> 1.0515279
A5: P_VCCPRIM_IO | B5: 14.51 | C5: 40.48 | D5: =C5/B5 -> 2.7898001 | E5: 1.76 | F5: 20.931 | G5: =F5/E5 -> 11.892614 | H5: 112.0771 | I5: 183.215 | J5: =I5/H5 -> 1.6347229 | K5: 112 | L5: 144.611 | M5: =L5/K5 -> 1.2911696 | N5: 123.7695 | O5: 176.139 | P5: =O5/N5 -> 1.4231212 | Q5: 35.66 | R5: 106.347 | S5: =R5/Q5 -> 2.982249 | T5: 186.64 | U5: 305.387 | V5: =U5/T5 -> 1.6362355 | W5: 193.15 | X5: 220.344 | Y5: =X5/W5 -> 1.1407921 | Z5: 122.14 | AA5: 196 | AB5: =AA5/Z5 -> 1.6047159
A6: P_VCCPRIM_VNNAON | B6: 73.17 | C6: 114.784 | D6: =C6/B6 -> 1.5687304 | E6: 45.92 | F6: 73.594 | G6: =F6/E6 -> 1.6026568 | H6: 297.21 | I6: 686.953 | J6: =I6/H6 -> 2.3113388 | K6: 363 | L6: 428.709 | M6: =L6/K6 -> 1.1810165 | N6: 362.97 | O6: 420.692 | P6: =O6/N6 -> 1.1590269 | Q6: 149.64 | R6: 230.276 | S6: =R6/Q6 -> 1.5388666 | T6: 537.2 | U6: 618.704 | V6: =U6/T6 -> 1.15172 | W6: 536.51 | X6: 729.923 | Y6: =X6/W6 -> 1.3605021 | Z6: 348.46 | AA6: 508 | AB6: =AA6/Z6 -> 1.4578431
A7: P_VCCPRIM_1P8​ | B7: 4.23 | C7: 0.82 | D7: =C7/B7 -> 0.19385343 | E7: 4.1 | F7: 0.516 | G7: =F7/E7 -> 0.12585366 | H7: 5.26 | I7: 1.755 | J7: =I7/H7 -> 0.33365019 | K7: 51 | L7: 2.72 | M7: =L7/K7 -> 0.053333333 | N7: 6.69 | O7: 1.507 | P7: =O7/N7 -> 0.22526158 | Q7: 4.94 | R7: 1.087 | S7: =R7/Q7 -> 0.22004049 | T7: 6.76 | U7: 14.704 | V7: =U7/T7 -> 2.1751479 | W7: 6.15 | X7: 1.681 | Y7: =X7/W7 -> 0.27333333 | Z7: 12.87 | AA7: 3 | AB7: =AA7/Z7 -> 0.23310023
A8: P_VCCRTC | B8: 0.05 | C8: 0.001 | D8: =C8/B8 -> 0.02 | E8: 0.05 | F8: 0.033 | G8: =F8/E8 -> 0.66 | H8: 0.05 | I8: 0.017 | J8: =I8/H8 -> 0.34 | K8: 0.05 | L8: -0.03 | M8: =L8/K8 -> -0.6 | N8: 0.05 | O8: 0.04 | P8: =O8/N8 -> 0.8 | Q8: 0.05 | R8: -0.002 | S8: =R8/Q8 -> -0.04 | T8: 0.05 | U8: -0.026 | V8: =U8/T8 -> -0.52 | W8: 0.05 | X8: -0.033 | Y8: =X8/W8 -> -0.66 | Z8: 0.05 | AA8: 0 | AB8: =AA8/Z8 -> 0
A9: P_VCCPRIM_1P8_FLTRA | C9: 1.592 | F9: 0.602 | I9: 6.481 | L9: 6.14 | O9: 5.367 | R9: 3.721 | U9: 8.116 | V9: =U9/T9 -> #DIV/0! | X9: 7.231 | AA9: 6
A10: P_VCCPRIM_1P8_FLTRB | C10: 21.199 | F10: 18.364 | I10: 104.092 | L10: 60.383 | O10: 58.14 | R10: 31.145 | U10: 79.141 | V10: =U10/T10 -> #DIV/0! | X10: 103.717 | AA10: 88
A11: P_VDDQ_CPU | B11: 3.33 | C11: 2.153 | D11: =C11/B11 -> 0.64654655 | E11: 0 | F11: -0.395 | G11: =F11/E11 -> #DIV/0! | H11: 23.48 | I11: 48.151 | J11: =I11/H11 -> 2.050724 | K11: 47 | L11: 36.696 | M11: =L11/K11 -> 0.78076596 | N11: 50.8799 | O11: 23.227 | P11: =O11/N11 -> 0.4565064 | Q11: 4.73 | R11: 9.08 | S11: =R11/Q11 -> 1.9196617 | T11: 60.89 | U11: 46.365 | V11: =U11/T11 -> 0.76145508 | W11: 53.44 | X11: 47.832 | Y11: =X11/W11 -> 0.89505988 | Z11: 59.62 | AA11: 25 | AB11: =AA11/Z11 -> 0.41932238
A12: P_VDD2H_CPU | B12: 16.4 | C12: 8.576 | D12: =C12/B12 -> 0.52292683 | E12: 0.87 | F12: 1.298 | G12: =F12/E12 -> 1.491954 | H12: 87.0123 | I12: 191.706 | J12: =I12/H12 -> 2.2032058 | K12: 217 | L12: 144.065 | M12: =L12/K12 -> 0.66389401 | N12: 169.6043 | O12: 99.337 | P12: =O12/N12 -> 0.58569859 | Q12: 29.61 | R12: 34.468 | S12: =R12/Q12 -> 1.1640662 | T12: 268.76 | U12: 192.692 | V12: =U12/T12 -> 0.71696681 | W12: 278.4 | X12: 201.653 | Y12: =X12/W12 -> 0.7243283 | Z12: 187.73 | AA12: 111 | AB12: =AA12/Z12 -> 0.5912747
A13: P_VCCCORE | B13: 0 | C13: 4.075 | D13: =C13/B13 -> #DIV/0! | E13: 0 | F13: 0 | G13: =F13/E13 -> #DIV/0! | H13: 0 | I13: 736.177 | J13: =I13/H13 -> #DIV/0! | K13: 3 | L13: 120.857 | M13: =L13/K13 -> 40.285667 | N13: 19.38 | O13: 237.932 | P13: =O13/N13 -> 12.277193 | Q13: 17.54 | R13: 25.525 | S13: =R13/Q13 -> 1.4552452 | T13: 15.86 | U13: 299.57 | V13: =U13/T13 -> 18.888398 | W13: 6.25 | X13: 659.348 | Y13: =X13/W13 -> 105.49568 | Z13: 378.85 | AA13: 1208 | AB13: =AA13/Z13 -> 3.1885971
A14: P_VCCGT | B14: 0 | C14: 0.007 | D14: =C14/B14 -> #DIV/0! | E14: 0 | F14: 0 | G14: =F14/E14 -> #DIV/0! | H14: 0 | I14: 14.062 | J14: =I14/H14 -> #DIV/0! | K14: 0.39 | L14: 2.924 | M14: =L14/K14 -> 7.4974359 | N14: 16.9737 | O14: 48.55 | P14: =O14/N14 -> 2.8603074 | Q14: 0 | R14: 0.007 | S14: =R14/Q14 -> #DIV/0! | T14: 45.15 | U14: 7.439 | V14: =U14/T14 -> 0.1647619 | W14: 46.1 | X14: 14.159 | Y14: =X14/W14 -> 0.30713666 | Z14: 33.24 | AA14: 76 | AB14: =AA14/Z14 -> 2.2864019
A15: P_VCCSA | B15: 53.86 | C15: 26.345 | D15: =C15/B15 -> 0.48913851 | E15: 0.21 | F15: 0 | G15: =F15/E15 -> 0 | H15: 385.5883 | I15: 808.53 | J15: =I15/H15 -> 2.0968738 | K15: 458 | L15: 782.786 | M15: =L15/K15 -> 1.7091397 | N15: 445.8932 | O15: 462.331 | P15: =O15/N15 -> 1.0368649 | Q15: 114.59 | R15: 123.88 | S15: =R15/Q15 -> 1.0810716 | T15: 657.63 | U15: 1101.025 | V15: =U15/T15 -> 1.6742317 | W15: 948.36 | X15: 952.674 | Y15: =X15/W15 -> 1.0045489 | Z15: 406.84 | AA15: 557 | AB15: =AA15/Z15 -> 1.3690886 | AD15: high SA Voltage, high movement between CORE and LP (hub die). output.csv (socwatch)
A16: P_MCP_TOTAL | B16: 165 | C16: 229.043 | D16: =C16/B16 -> 1.3881394 | E16: 53 | F16: 114.943 | G16: =F16/E16 -> 2.1687358 | H16: 829 | I16: 3160.551 | J16: =I16/H16 -> 3.8124861 | K16: 1406 | L16: 1947.089 | M16: =L16/K16 -> 1.3848428 | N16: 1217 | O16: 1719.987 | P16: =O16/N16 -> 1.4133007 | Q16: 359.53 | R16: 616.792 | S16: =R16/Q16 -> 1.7155509 | T16: 2173 | U16: 3052.908 | V16: =U16/T16 -> 1.4049277 | W16: 2414 | X16: 3432.495 | Y16: =X16/W16 -> 1.4219118 | Z16: 1744 | AA16: 3129 | AB16: =AA16/Z16 -> 1.7941514
D18: Post-Pre | G18: Post-Pre | J18: Post-Pre | M18: Post-Pre | P18: Post-Pre | S18: Post-Pre | V18: Post-Pre | Y18: Post-Pre | AB18: Post-Pre
A19: PkgC0 | B19: 7.48 | C19: 6.06 | D19: =C19-B19 -> -1.42 | E19: 0.04 | F19: 2.67 | G19: =F19-E19 -> 2.63 | H19: 37.83 | I19: 74.49 | J19: =I19-H19 -> 36.66 | K19: 79.16 | L19: 84.04 | M19: =L19-K19 -> 4.88 | N19: 48.43 | O19: 57.49 | P19: =O19-N19 -> 9.06 | Q19: 20.45 | S19: =R19-Q19 -> -20.45 | T19: 93 | U19: 92.25 | V19: =U19-T19 -> -0.75 | W19: 95.16 | Y19: =X19-W19 -> -95.16 | Z19: 50.39 | AB19: =AA19-Z19 -> -50.39
A20: PkgC2 | B20: 0 | C20: 6.29 | D20: =C20-B20 -> 6.29 | E20: 0 | F20: 0.47 | G20: =F20-E20 -> 0.47 | H20: 0 | I20: 25.51 | J20: =I20-H20 -> 25.51 | K20: 0 | L20: 10.67 | M20: =L20-K20 -> 10.67 | N20: 0 | O20: 8.22 | P20: =O20-N20 -> 8.22 | Q20: 0 | S20: =R20-Q20 -> 0 | T20: 0 | U20: 7.75 | V20: =U20-T20 -> 7.75 | W20: 0 | Y20: =X20-W20 -> 0 | Z20: 0 | AB20: =AA20-Z20 -> 0
A21: PkgC6.1 | B21: 1.88 | C21: 0.19 | D21: =C21-B21 -> -1.69 | E21: 0.03 | F21: 0.01 | G21: =F21-E21 -> -0.02 | H21: 30.15 | I21: 0 | J21: =I21-H21 -> -30.15 | K21: 9.5 | L21: 5.29 | M21: =L21-K21 -> -4.21 | N21: 15.66 | O21: 1.7 | P21: =O21-N21 -> -13.96 | Q21: 3.92 | S21: =R21-Q21 -> -3.92 | T21: 7 | U21: 0 | V21: =U21-T21 -> -7 | W21: 4.84 | Y21: =X21-W21 -> -4.84 | Z21: 8.55 | AB21: =AA21-Z21 -> -8.55
A22: PkgC6.2 | B22: 0.35 | C22: 0.27 | D22: =C22-B22 -> -0.08 | E22: 0.04 | F22: 0.06 | G22: =F22-E22 -> 0.02 | H22: 0 | I22: 0 | J22: =I22-H22 -> 0 | K22: 0 | L22: 0 | M22: =L22-K22 -> 0 | N22: 0.3 | O22: 0.61 | P22: =O22-N22 -> 0.31 | Q22: 0.67 | S22: =R22-Q22 -> -0.67 | T22: 0 | U22: 0 | V22: =U22-T22 -> 0 | W22: 0 | Y22: =X22-W22 -> 0 | Z22: 0.34 | AB22: =AA22-Z22 -> -0.34
A23: PkgC10.1 | B23: 0.27 | C23: 0.39 | D23: =C23-B23 -> 0.12 | E23: 0.03 | F23: 0.03 | G23: =F23-E23 -> 0 | H23: 32.02 | I23: 0 | J23: =I23-H23 -> -32.02 | K23: 11.34 | L23: 0 | M23: =L23-K23 -> -11.34 | N23: 0.25 | O23: 4.94 | P23: =O23-N23 -> 4.69 | Q23: 0.52 | S23: =R23-Q23 -> -0.52 | T23: 0 | U23: 0 | V23: =U23-T23 -> 0 | W23: 0 | Y23: =X23-W23 -> 0 | Z23: 0.27 | AB23: =AA23-Z23 -> -0.27
A24: PkgC10.2 | B24: 90.02 | C24: 0.43 | D24: =C24-B24 -> -89.59 | E24: 0.06 | F24: 0.01 | G24: =F24-E24 -> -0.05 | H24: 0 | I24: 0 | J24: =I24-H24 -> 0 | K24: 0 | L24: 0 | M24: =L24-K24 -> 0 | N24: 35.37 | O24: 0.5 | P24: =O24-N24 -> -34.87 | Q24: 74.44 | S24: =R24-Q24 -> -74.44 | T24: 0 | U24: 0 | V24: =U24-T24 -> 0 | W24: 0 | Y24: =X24-W24 -> 0 | Z24: 40.46 | AB24: =AA24-Z24 -> -40.46
A25: PkgC10.3 | B25: 0 | C25: 86.37 | D25: =C25-B25 -> 86.37 | E25: 99.81 | F25: 96.75 | G25: =F25-E25 -> -3.06 | H25: 0 | I25: 0 | J25: =I25-H25 -> 0 | K25: 0 | L25: 0 | M25: =L25-K25 -> 0 | N25: 0 | O25: 26.54 | P25: =O25-N25 -> 26.54 | Q25: 0 | S25: =R25-Q25 -> 0 | T25: 0 | U25: 0 | V25: =U25-T25 -> 0 | W25: 0 | Y25: =X25-W25 -> 0 | Z25: 0 | AB25: =AA25-Z25 -> 0
A27: S0i2.0 | B27: 0.77 | C27: 0.87 | D27: =C27-B27 -> 0.1 | F27: 0.24 | G27: =F27-E27 -> 0.24 | H27: 0 | I27: 0 | J27: =I27-H27 -> 0 | K27: 0 | L27: 0 | M27: =L27-K27 -> 0 | N27: 18.27 | O27: 11.76 | P27: =O27-N27 -> -6.51 | S27: =R27-Q27 -> 0 | V27: =U27-T27 -> 0 | Y27: =X27-W27 -> 0 | AB27: =AA27-Z27 -> 0
A28: S0i2.1 | B28: 4.75 | C28: 14.81 | D28: =C28-B28 -> 10.06 | E28: 100 | F28: 0.76 | G28: =F28-E28 -> -99.24 | H28: 0 | I28: 0 | J28: =I28-H28 -> 0 | K28: 0 | L28: 0 | M28: =L28-K28 -> 0 | N28: 0 | O28: 1.52 | P28: =O28-N28 -> 1.52 | S28: =R28-Q28 -> 0 | V28: =U28-T28 -> 0 | Y28: =X28-W28 -> 0 | AB28: =AA28-Z28 -> 0
A29: S0i2.2 | B29: 77.26 | C29: 44.89 | D29: =C29-B29 -> -32.37 | E29: 100 | F29: 93.78 | G29: =F29-E29 -> -6.22 | H29: 0 | I29: 0 | J29: =I29-H29 -> 0 | K29: 0 | L29: 0 | M29: =L29-K29 -> 0 | N29: 0 | O29: 2.44 | P29: =O29-N29 -> 2.44 | S29: =R29-Q29 -> 0 | V29: =U29-T29 -> 0 | Y29: =X29-W29 -> 0 | AB29: =AA29-Z29 -> 0

Sheet Sheet2
A2: Configuration DDR5 + nonPSR [PG16WVAW3098] | C2: Comments
A3: RVP:
A4: IFWI:
A5: OS:
A6: UNIT QDF:
A7: WIFI CARD:
A8: HEADSET: | B8: Polyvoyager 4320 Headset
A9: MOUSE: | B9: MICROSOFT FUH-00001 SURFACE PRECISION MOUSE
A10: CAMERA: | B10: No Camera Attached
A11: DEBUG TOOL: | B11: XDP
A12: NVME: | B12: Samsung PM9A1a 512GB M.2 SSD - MZ-VL2512B - MZ-VL2512B
A13: EDP PANEL

Sheet graph
A2: Measured
B3: CMS | C3: IDON | D3: Busy Idle | E3: MM30 | F3: Catapult Brow | G3: Youtube 4K | H3: Netflix | I3: Teams3x3 | J3: Teams3x3 MEP
A4: P_VCC_LP_ECORE-measured | B4: =Debug_power!$F4 -> 0 | C4: =Debug_power!$C4 -> 9.01 | D4: =Debug_power!$R4 -> 51.259 | E4: =Debug_power!$AA4 -> 351 | F4: =Debug_power!$O4 -> 186.723 | G4: =Debug_power!$L4 -> 217.228 | H4: =Debug_power!$I4 -> 379.412 | I4: =Debug_power!$U4 -> 379.79 | J4: =Debug_power!$X4 -> 493.965
A5: P_VCCPRIM_IO-measured | B5: =Debug_power!$F5 -> 20.931 | C5: =Debug_power!$C5 -> 40.48 | D5: =Debug_power!$R5 -> 106.347 | E5: =Debug_power!$AA5 -> 196 | F5: =Debug_power!$O5 -> 176.139 | G5: =Debug_power!$L5 -> 144.611 | H5: =Debug_power!$I5 -> 183.215 | I5: =Debug_power!$U5 -> 305.387 | J5: =Debug_power!$X5 -> 220.344
A6: P_VCCPRIM_VNNAON-measured | B6: =Debug_power!$F6 -> 73.594 | C6: =Debug_power!$C6 -> 114.784 | D6: =Debug_power!$R6 -> 230.276 | E6: =Debug_power!$AA6 -> 508 | F6: =Debug_power!$O6 -> 420.692 | G6: =Debug_power!$L6 -> 428.709 | H6: =Debug_power!$I6 -> 686.953 | I6: =Debug_power!$U6 -> 618.704 | J6: =Debug_power!$X6 -> 729.923
A7: P_VCCPRIM_1P8​-measured | B7: =Debug_power!$F7 -> 0.516 | C7: =Debug_power!$C7 -> 0.82 | D7: =Debug_power!$R7 -> 1.087 | E7: =Debug_power!$AA7 -> 3 | F7: =Debug_power!$O7 -> 1.507 | G7: =Debug_power!$L7 -> 2.72 | H7: =Debug_power!$I7 -> 1.755 | I7: =Debug_power!$U7 -> 14.704 | J7: =Debug_power!$X7 -> 1.681
A8: P_VCCRTC-measured | B8: =Debug_power!$F8 -> 0.033 | C8: =Debug_power!$C8 -> 0.001 | D8: =Debug_power!$R8 -> -0.002 | E8: =Debug_power!$AA8 -> 0 | F8: =Debug_power!$O8 -> 0.04 | G8: =Debug_power!$L8 -> -0.03 | H8: =Debug_power!$I8 -> 0.017 | I8: =Debug_power!$U8 -> -0.026 | J8: =Debug_power!$X8 -> -0.033
A9: P_VCCPRIM_1P8_FLTRA-measured | B9: =Debug_power!$F9 -> 0.602 | C9: =Debug_power!$C9 -> 1.592 | D9: =Debug_power!$R9 -> 3.721 | E9: =Debug_power!$AA9 -> 6 | F9: =Debug_power!$O9 -> 5.367 | G9: =Debug_power!$L9 -> 6.14 | H9: =Debug_power!$I9 -> 6.481 | I9: =Debug_power!$U9 -> 8.116 | J9: =Debug_power!$X9 -> 7.231
A10: P_VCCPRIM_1P8_FLTRB-measured | B10: =Debug_power!$F10 -> 18.364 | C10: =Debug_power!$C10 -> 21.199 | D10: =Debug_power!$R10 -> 31.145 | E10: =Debug_power!$AA10 -> 88 | F10: =Debug_power!$O10 -> 58.14 | G10: =Debug_power!$L10 -> 60.383 | H10: =Debug_power!$I10 -> 104.092 | I10: =Debug_power!$U10 -> 79.141 | J10: =Debug_power!$X10 -> 103.717
A11: P_VDDQ_CPU-measured | B11: =Debug_power!$F11 -> -0.395 | C11: =Debug_power!$C11 -> 2.153 | D11: =Debug_power!$R11 -> 9.08 | E11: =Debug_power!$AA11 -> 25 | F11: =Debug_power!$O11 -> 23.227 | G11: =Debug_power!$L11 -> 36.696 | H11: =Debug_power!$I11 -> 48.151 | I11: =Debug_power!$U11 -> 46.365 | J11: =Debug_power!$X11 -> 47.832
A12: P_VDD2H_CPU-measured | B12: =Debug_power!$F12 -> 1.298 | C12: =Debug_power!$C12 -> 8.576 | D12: =Debug_power!$R12 -> 34.468 | E12: =Debug_power!$AA12 -> 111 | F12: =Debug_power!$O12 -> 99.337 | G12: =Debug_power!$L12 -> 144.065 | H12: =Debug_power!$I12 -> 191.706 | I12: =Debug_power!$U12 -> 192.692 | J12: =Debug_power!$X12 -> 201.653
A13: P_VCCCORE-measured | B13: =Debug_power!$F13 -> 0 | C13: =Debug_power!$C13 -> 4.075 | D13: =Debug_power!$R13 -> 25.525 | E13: =Debug_power!$AA13 -> 1208 | F13: =Debug_power!$O13 -> 237.932 | G13: =Debug_power!$L13 -> 120.857 | H13: =Debug_power!$I13 -> 736.177 | I13: =Debug_power!$U13 -> 299.57 | J13: =Debug_power!$X13 -> 659.348
A14: P_VCCGT-measured | B14: =Debug_power!$F14 -> 0 | C14: =Debug_power!$C14 -> 0.007 | D14: =Debug_power!$R14 -> 0.007 | E14: =Debug_power!$AA14 -> 76 | F14: =Debug_power!$O14 -> 48.55 | G14: =Debug_power!$L14 -> 2.924 | H14: =Debug_power!$I14 -> 14.062 | I14: =Debug_power!$U14 -> 7.439 | J14: =Debug_power!$X14 -> 14.159
A15: P_VCCSA-measured | B15: =Debug_power!$F15 -> 0 | C15: =Debug_power!$C15 -> 26.345 | D15: =Debug_power!$R15 -> 123.88 | E15: =Debug_power!$AA15 -> 557 | F15: =Debug_power!$O15 -> 462.331 | G15: =Debug_power!$L15 -> 782.786 | H15: =Debug_power!$I15 -> 808.53 | I15: =Debug_power!$U15 -> 1101.025 | J15: =Debug_power!$X15 -> 952.674
A16: P_MCP_TOTAL-measured | B16: =Debug_power!$F16 -> 114.943 | C16: =Debug_power!$C16 -> 229.043 | D16: =Debug_power!$R16 -> 616.792 | E16: =Debug_power!$AA16 -> 3129 | F16: =Debug_power!$O16 -> 1719.987 | G16: =Debug_power!$L16 -> 1947.089 | H16: =Debug_power!$I16 -> 3160.551 | I16: =Debug_power!$U16 -> 3052.908 | J16: =Debug_power!$X16 -> 3432.495
A18: Projected
B19: CMS | C19: IDON | D19: Busy Idle | E19: MM30 | F19: Catapult Brow | G19: Youtube 4K | H19: Netflix | I19: Teams3x3 | J19: Teams3x3 MEP
A20: P_VCC_LP_ECORE-projected | B20: =Debug_power!$E4 -> 0 | C20: =Debug_power!$B4 -> 4.98 | D20: =Debug_power!$Q4 -> 17.54 | E20: =Debug_power!$Z4 -> 333.8 | F20: =Debug_power!$N4 -> 223.6332 | G20: =Debug_power!$K4 -> 155 | H20: =Debug_power!$H4 -> 74.814 | I20: =Debug_power!$T4 -> 15.86 | J20: =Debug_power!$W4 -> 480.32
A21: P_VCCPRIM_IO-projected | B21: =Debug_power!$E5 -> 1.76 | C21: =Debug_power!$B5 -> 14.51 | D21: =Debug_power!$Q5 -> 35.66 | E21: =Debug_power!$Z5 -> 122.14 | F21: =Debug_power!$N5 -> 123.7695 | G21: =Debug_power!$K5 -> 112 | H21: =Debug_power!$H5 -> 112.0771 | I21: =Debug_power!$T5 -> 186.64 | J21: =Debug_power!$W5 -> 193.15
A22: P_VCCPRIM_VNNAON-projected | B22: =Debug_power!$E6 -> 45.92 | C22: =Debug_power!$B6 -> 73.17 | D22: =Debug_power!$Q6 -> 149.64 | E22: =Debug_power!$Z6 -> 348.46 | F22: =Debug_power!$N6 -> 362.97 | G22: =Debug_power!$K6 -> 363 | H22: =Debug_power!$H6 -> 297.21 | I22: =Debug_power!$T6 -> 537.2 | J22: =Debug_power!$W6 -> 536.51
A23: P_VCCPRIM_1P8​-projected | B23: =Debug_power!$E7 -> 4.1 | C23: =Debug_power!$B7 -> 4.23 | D23: =Debug_power!$Q7 -> 4.94 | E23: =Debug_power!$Z7 -> 12.87 | F23: =Debug_power!$N7 -> 6.69 | G23: =Debug_power!$K7 -> 51 | H23: =Debug_power!$H7 -> 5.26 | I23: =Debug_power!$T7 -> 6.76 | J23: =Debug_power!$W7 -> 6.15
A24: P_VCCRTC-projected | B24: =Debug_power!$E8 -> 0.05 | C24: =Debug_power!$B8 -> 0.05 | D24: =Debug_power!$Q8 -> 0.05 | E24: =Debug_power!$Z8 -> 0.05 | F24: =Debug_power!$N8 -> 0.05 | G24: =Debug_power!$K8 -> 0.05 | H24: =Debug_power!$H8 -> 0.05 | I24: =Debug_power!$T8 -> 0.05 | J24: =Debug_power!$W8 -> 0.05
A25: P_VCCPRIM_1P8_FLTRA-projected | B25: =Debug_power!$E9 -> 0 | C25: =Debug_power!$B9 -> 0 | D25: =Debug_power!$Q9 -> 0 | E25: =Debug_power!$Z9 -> 0 | F25: =Debug_power!$N9 -> 0 | G25: =Debug_power!$K9 -> 0 | H25: =Debug_power!$H9 -> 0 | I25: =Debug_power!$T9 -> 0 | J25: =Debug_power!$W9 -> 0
A26: P_VCCPRIM_1P8_FLTRB-projected | B26: =Debug_power!$E10 -> 0 | C26: =Debug_power!$B10 -> 0 | D26: =Debug_power!$Q10 -> 0 | E26: =Debug_power!$Z10 -> 0 | F26: =Debug_power!$N10 -> 0 | G26: =Debug_power!$K10 -> 0 | H26: =Debug_power!$H10 -> 0 | I26: =Debug_power!$T10 -> 0 | J26: =Debug_power!$W10 -> 0
A27: P_VDDQ_CPU-projected | B27: =Debug_power!$E11 -> 0 | C27: =Debug_power!$B11 -> 3.33 | D27: =Debug_power!$Q11 -> 4.73 | E27: =Debug_power!$Z11 -> 59.62 | F27: =Debug_power!$N11 -> 50.8799 | G27: =Debug_power!$K11 -> 47 | H27: =Debug_power!$H11 -> 23.48 | I27: =Debug_power!$T11 -> 60.89 | J27: =Debug_power!$W11 -> 53.44
A28: P_VDD2H_CPU-projected | B28: =Debug_power!$E12 -> 0.87 | C28: =Debug_power!$B12 -> 16.4 | D28: =Debug_power!$Q12 -> 29.61 | E28: =Debug_power!$Z12 -> 187.73 | F28: =Debug_power!$N12 -> 169.6043 | G28: =Debug_power!$K12 -> 217 | H28: =Debug_power!$H12 -> 87.0123 | I28: =Debug_power!$T12 -> 268.76 | J28: =Debug_power!$W12 -> 278.4
A29: P_VCCCORE-projected | B29: =Debug_power!$E13 -> 0 | C29: =Debug_power!$B13 -> 0 | D29: =Debug_power!$Q13 -> 17.54 | E29: =Debug_power!$Z13 -> 378.85 | F29: =Debug_power!$N13 -> 19.38 | G29: =Debug_power!$K13 -> 3 | H29: =Debug_power!$H13 -> 0 | I29: =Debug_power!$T13 -> 15.86 | J29: =Debug_power!$W13 -> 6.25
A30: P_VCCGT-projected | B30: =Debug_power!$E14 -> 0 | C30: =Debug_power!$B14 -> 0 | D30: =Debug_power!$Q14 -> 0 | E30: =Debug_power!$Z14 -> 33.24 | F30: =Debug_power!$N14 -> 16.9737 | G30: =Debug_power!$K14 -> 0.39 | H30: =Debug_power!$H14 -> 0 | I30: =Debug_power!$T14 -> 45.15 | J30: =Debug_power!$W14 -> 46.1
A31: P_VCCSA-projected | B31: =Debug_power!$E15 -> 0.21 | C31: =Debug_power!$B15 -> 53.86 | D31: =Debug_power!$Q15 -> 114.59 | E31: =Debug_power!$Z15 -> 406.84 | F31: =Debug_power!$N15 -> 445.8932 | G31: =Debug_power!$K15 -> 458 | H31: =Debug_power!$H15 -> 385.5883 | I31: =Debug_power!$T15 -> 657.63 | J31: =Debug_power!$W15 -> 948.36
A32: P_MCP_TOTAL-projected | B32: =Debug_power!$E16 -> 53 | C32: =Debug_power!$B16 -> 165 | D32: =Debug_power!$Q16 -> 359.53 | E32: =Debug_power!$Z16 -> 1744 | F32: =Debug_power!$N16 -> 1217 | G32: =Debug_power!$K16 -> 1406 | H32: =Debug_power!$H16 -> 829 | I32: =Debug_power!$T16 -> 2173 | J32: =Debug_power!$W16 -> 2414

Sheet PCD specific
A1: P_PCD_SHARED_TOTAL include:
A2: P_VCCPRIM_1P8+P_VCCPRIM_1P8_FLTRA+P_VCCPRIM_1P8_FLTRB+P_VCCPRIM_IO+P_VCCPRIM_VNNAON+P_VCCRTC
A4: Power (mW)​ | B4: IDON | D4: Ratio​ | E4: CMS | H4: Netflix | J4: Ratio​ | K4: Youtube 4K | M4: Ratio​ | N4: Catapult Brow | P4: Ratio​ | Q4: Teams3x3 | S4: Ratio​
A5: ​ | B5: Pre | C5: Post | D5: (Post/Pre)​ | E5: Pre | F5: Post | G5: (Post/Pre)​ | H5: Pre | I5: Post | J5: (Post/Pre)​ | K5: Pre | L5: Post | M5: (Post/Pre)​ | N5: Pre | O5: Post | P5: (Post/Pre)​ | Q5: Pre | R5: Post | S5: (Post/Pre)​
A6: P_VCCPRIM_IO | B6: 14.51 | C6: 46.81 | D6: 3.23 | E6: 1.76 | F6: 9 | G6: 5.12 | H6: 112.08 | I6: 178.64 | J6: 1.59 | K6: 159.75 | L6: 144.77 | M6: 0.91 | N6: 123.77 | O6: 186.78 | P6: 1.51 | Q6: 186.64 | R6: 305.35 | S6: 1.64
A7: P_VCCPRIM_VNNAON | B7: 73.17 | C7: 180.54 | D7: 2.47 | E7: 45.92 | F7: 102.03 | G7: 2.22 | H7: 297.21 | I7: 810.3 | J7: 2.73 | K7: 368.3 | L7: 468.57 | M7: 1.27 | N7: 362.97 | O7: 532.63 | P7: 1.47 | Q7: 537.2 | R7: 788.45 | S7: 1.47
A8: P_VCCPRIM_1P8​ | B8: 4.23 | C8: 0.56 | D8: 0.13 | E8: 4.1 | F8: 0.36 | G8: 0.09 | H8: 5.26 | I8: 0.97 | J8: 0.18 | K8: 5.38 | L8: 0.95 | M8: 0.18 | N8: 6.69 | O8: 0.94 | P8: 0.14 | Q8: 6.76 | R8: 8.55 | S8: 1.27
A9: P_VCCRTC | B9: 0.05 | C9: -0.1 | D9: -1.92 | E9: 0.05 | F9: -0.09 | G9: -1.82 | H9: 0.05 | I9: -0.14 | J9: -2.76 | K9: 0.05 | L9: -0.11 | M9: -2.12 | N9: 0.05 | O9: -0.12 | P9: -2.32 | Q9: 0.05 | R9: 0.13 | S9: 2.62
A10: P_VCCPRIM_1P8_FLTRA | C10: 0.63 | F10: 0.55 | I10: 0.82 | L10: 1.05 | O10: 0.99 | R10: 0.93 | S10: #DIV/0!
A11: P_VCCPRIM_1P8_FLTRB | C11: 0.61 | F11: 0.42 | I11: 2.79 | L11: 1.52 | O11: 1.73 | R11: 2.44 | S11: #DIV/0!
A12: PCD total | B12: 91.96 | C12: 229.05 | E12: 51.83 | F12: 112.27 | H12: 414.6 | I12: 993.38 | K12: 533.48 | L12: 616.75 | N12: 493.48 | O12: 722.95 | Q12: 730.65 | R12: 1105.85
